2026-08-24	04bdb32de52db773b9fe
2026-08-24	16efc0b913e74a44fb92
2026-08-24	25eb54010ba97bda5928
2026-08-24	2a8157d083cd518889d0
2026-08-24	4aec48026e7aca775996
2026-08-24	4ef27328b0f865b5dbe9
2026-08-24	56467008557fdaf8a807
2026-08-24	5b19db9c9fae7746e901
2026-08-24	66d4961484c46a7b3b39
2026-08-24	67d0929a63b25826ecb7
2026-08-24	7bbb1940a3f94b620d27
2026-08-24	877060d2ea2b47cd6ac0
2026-08-24	8e4820be0b259c707f67
2026-08-24	ad7fb7959616c06f392a
2026-08-24	becf9545312cad975e00
2026-08-24	c263a6356d5015b0a54c
2026-08-24	e70cb3507a4a17356bf0
2026-08-25	16efc0b913e74a44fb92
2026-08-25	17f209ee5c2351b54bf9
2026-08-25	2a92190ed2f61c66e065
2026-08-25	3ca7d13254109c7a5d65
2026-08-25	4ef27328b0f865b5dbe9
2026-08-25	56467008557fdaf8a807
2026-08-25	565a72bdd406b32cdd89
2026-08-25	5b093d845abc98659e81
2026-08-25	67d0929a63b25826ecb7
2026-08-25	70a523d8a7fb922b1edc
2026-08-25	70bbc7a67145f0cb5089
2026-08-25	74b736af19409a0d017c
2026-08-25	8eb5bb01c910f76e613c
2026-08-25	db5168c6f41db475a9b4
2026-08-26	1b01f9a1192ed656e8d2
2026-08-26	40764accbc58cd283329
2026-08-26	5b19db9c9fae7746e901
2026-08-26	5b466bf11884771615a4
2026-08-26	7bbb1940a3f94b620d27
2026-08-26	8a229f6c70eb8a561125
2026-08-26	9884c2172fac61a099a9
2026-08-26	98bbdda2d855516c5122
2026-08-26	aa48a3a2d2477b2ae230
2026-08-26	bc7eded6407ad19987e4
2026-08-26	c88852880109f82371d8
2026-08-26	e72425204f44fa9d0b70
2026-08-26	eb5385fe3a20427cee76
2026-08-26	f2aae4cff6f83062714f
2026-08-26	f985cd722d59dff27e36
2026-08-27	1c9f4de6bbc031e8fe7a
2026-08-27	1e5dce06f13dcbcc1a26
2026-08-27	2a8157d083cd518889d0
2026-08-27	3a7ccea6528c46a58e2f
2026-08-27	3ca7d13254109c7a5d65
2026-08-27	50415be2cd8b14ce50bc
2026-08-27	5b19db9c9fae7746e901
2026-08-27	67d0929a63b25826ecb7
2026-08-27	74b736af19409a0d017c
2026-08-27	85f5a7f3ebcb216e4f55
2026-08-27	8a229f6c70eb8a561125
2026-08-27	98bbdda2d855516c5122
2026-08-27	abc0f1a848c54311c5f4
2026-08-27	bbaeff661c5c598491d1
2026-08-27	bde40e77c58a61614961
2026-08-27	c88852880109f82371d8
2026-08-27	e93722c4206f19320d88
2026-08-27	ebecb5ac348629d20dfb
2026-08-27	f07f6c1decc7c38ad9a2
2026-08-27	f2aae4cff6f83062714f
2026-08-28	04bdb32de52db773b9fe
2026-08-28	17f209ee5c2351b54bf9
2026-08-28	1b01f9a1192ed656e8d2
2026-08-28	358b5fbe72b3377ce972
2026-08-28	3a7ccea6528c46a58e2f
2026-08-28	594a46d5c97870beba02
2026-08-28	7c48aa0d58f059d2b120
2026-08-28	83507a4a1fcaff2e4e47
2026-08-28	85f5a7f3ebcb216e4f55
2026-08-28	ad3e5b5d5219ae2b46fd
2026-08-28	ad7fb7959616c06f392a
2026-08-28	cf383a78b60de4c9db95
2026-08-28	e93722c4206f19320d88
2026-08-29	2e794465288636e1f207
2026-08-29	40764accbc58cd283329
2026-08-29	4ef27328b0f865b5dbe9
2026-08-29	50415be2cd8b14ce50bc
2026-08-29	8e4820be0b259c707f67
2026-08-29	8eb5bb01c910f76e613c
2026-08-29	ad7fb7959616c06f392a
2026-08-29	bbaeff661c5c598491d1
2026-08-29	bde40e77c58a61614961
2026-08-29	d446bfe5498aa4666f03
2026-08-29	daece92638705b794642
2026-08-29	db5168c6f41db475a9b4
2026-08-30	028232414f2602f2a3f8
2026-08-30	25eb54010ba97bda5928
2026-08-30	2a8157d083cd518889d0
2026-08-30	2a92190ed2f61c66e065
2026-08-30	565a72bdd406b32cdd89
2026-08-30	594a46d5c97870beba02
2026-08-30	70bbc7a67145f0cb5089
2026-08-30	74b736af19409a0d017c
2026-08-30	7adb57f0716fa8b238fe
2026-08-30	83507a4a1fcaff2e4e47
2026-08-30	877060d2ea2b47cd6ac0
2026-08-30	cfd2c438d38734c569cf
2026-08-30	d446bfe5498aa4666f03
2026-08-30	e70cb3507a4a17356bf0
2026-08-30	eb5385fe3a20427cee76
2026-08-30	ebecb5ac348629d20dfb
2026-08-30	f07f6c1decc7c38ad9a2
2026-08-31	073fc6e0304c7b44b40f
2026-08-31	3c590ba8fba9d2a45610
2026-08-31	3ca7d13254109c7a5d65
2026-08-31	7bbb1940a3f94b620d27
2026-08-31	8e4820be0b259c707f67
2026-08-31	ac9e3fb0c810eff90703
2026-08-31	bc7eded6407ad19987e4
2026-08-31	fd811334f7a4a11f9d19
2026-09-01	5a26f3b9931c19a95a8a
2026-09-01	85f5a7f3ebcb216e4f55
2026-09-01	a9321f7057e5ba644d8b
2026-09-01	abc0f1a848c54311c5f4
2026-09-01	c7b89565d1b98f8c0b4d
2026-09-01	e72425204f44fa9d0b70
2026-09-02	2a8157d083cd518889d0
2026-09-02	594a46d5c97870beba02
2026-09-02	70bbc7a67145f0cb5089
2026-09-02	a578374e50d7c644dff6
2026-09-02	a64381ec6fb6fce4fa2a
2026-09-02	e1f36152777e7ce75c44
2026-09-02	e70cb3507a4a17356bf0
2026-09-02	eb5385fe3a20427cee76
2026-09-03	0bb095e8f2cce7dd8e54
2026-09-03	358b5fbe72b3377ce972
2026-09-03	565a72bdd406b32cdd89
2026-09-03	58c36bdf1ea55cf7ecc9
2026-09-03	5a26f3b9931c19a95a8a
2026-09-03	7adb57f0716fa8b238fe
2026-09-03	7bbb1940a3f94b620d27
2026-09-03	8eb5bb01c910f76e613c
2026-09-03	a578374e50d7c644dff6
2026-09-03	a64381ec6fb6fce4fa2a
2026-09-03	e42e7ff72e4deeb9d70d
2026-09-03	fb37049adbea97260190
2026-09-04	082475912f437e5dfb04
2026-09-04	0d683b2e1adf4fd38c02
2026-09-04	20ce79fee79014915334
2026-09-04	25eb54010ba97bda5928
2026-09-04	2782b110508e02b1065d
2026-09-04	2a92190ed2f61c66e065
2026-09-04	3a7ccea6528c46a58e2f
2026-09-04	4de9b581096387e6d136
2026-09-04	abc0f1a848c54311c5f4
2026-09-04	ad80b6d305794c0b5264
2026-09-04	adb47285e772d2c35632
2026-09-04	bbaeff661c5c598491d1
2026-09-04	c7b89565d1b98f8c0b4d
2026-09-04	f07f6c1decc7c38ad9a2
2026-09-05	17f209ee5c2351b54bf9
2026-09-05	1f7781b5b2e992f322e9
2026-09-05	2782b110508e02b1065d
2026-09-05	40764accbc58cd283329
2026-09-05	6d9b056452c086cb85f9
2026-09-05	8eb5bb01c910f76e613c
2026-09-05	ce650e62691994f1f8d7
2026-09-05	e70cb3507a4a17356bf0
2026-09-06	70bbc7a67145f0cb5089
2026-09-06	8e4820be0b259c707f67
2026-09-06	bc7eded6407ad19987e4
2026-09-06	e72425204f44fa9d0b70
2026-09-07	06d147e8cbf39e1be363
2026-09-07	2a8157d083cd518889d0
2026-09-07	4de9b581096387e6d136
2026-09-07	565a72bdd406b32cdd89
2026-09-07	abc0f1a848c54311c5f4
2026-09-07	bbaeff661c5c598491d1
2026-09-07	f07f6c1decc7c38ad9a2
2026-09-08	06d147e8cbf39e1be363
2026-09-08	0bb095e8f2cce7dd8e54
2026-09-08	2a92190ed2f61c66e065
2026-09-08	4de9b581096387e6d136
2026-09-08	51276cbbcab380f37b56
2026-09-08	5b466bf11884771615a4
2026-09-08	722641b3ce32214ea5dc
2026-09-08	7bbb1940a3f94b620d27
2026-09-08	8e4820be0b259c707f67
2026-09-08	e70cb3507a4a17356bf0
2026-09-08	eb5385fe3a20427cee76
2026-09-09	06d147e8cbf39e1be363
2026-09-09	1e5dce06f13dcbcc1a26
2026-09-09	25eb54010ba97bda5928
2026-09-09	8eb5bb01c910f76e613c
2026-09-09	99b80872d5a11d51b1a1
2026-09-09	abc0f1a848c54311c5f4
2026-09-09	bbaeff661c5c598491d1
2026-09-09	de21425c072fecb80371
2026-09-10	012c1daba6a894fd5499
2026-09-10	2a8157d083cd518889d0
2026-09-10	4c40424f393749cbe145
2026-09-10	6d9b056452c086cb85f9
2026-09-10	95d1564bae0a8b1ac21d
2026-09-10	99b80872d5a11d51b1a1
2026-09-10	ad80b6d305794c0b5264
2026-09-11	25eb54010ba97bda5928
2026-09-11	2a92190ed2f61c66e065
2026-09-11	5abd3e64db075705c665
2026-09-11	70bbc7a67145f0cb5089
2026-09-11	7a9842fd067c959b572a
2026-09-11	7bbb1940a3f94b620d27
2026-09-11	abc0f1a848c54311c5f4
2026-09-11	d80a4aa94cd2241b9519
2026-09-11	e2cdfafd9f28cdbd9157
2026-09-11	e72425204f44fa9d0b70
2026-09-12	565a72bdd406b32cdd89
2026-09-12	765fc0d1a7791f0f10d0
2026-09-12	7a9842fd067c959b572a
2026-09-12	8e4820be0b259c707f67
2026-09-12	8eb5bb01c910f76e613c
2026-09-12	bc7eded6407ad19987e4
2026-09-13	028232414f2602f2a3f8
2026-09-13	189eee4ac2c1e7319b41
2026-09-13	2a8157d083cd518889d0
2026-09-13	7a9842fd067c959b572a
2026-09-13	7bbb1940a3f94b620d27
2026-09-13	e70cb3507a4a17356bf0
2026-09-13	e72425204f44fa9d0b70
2026-09-13	f07f6c1decc7c38ad9a2
2026-09-14	189eee4ac2c1e7319b41
2026-09-14	4c40424f393749cbe145
2026-09-14	51276cbbcab380f37b56
2026-09-14	bbaeff661c5c598491d1
2026-09-14	deded785d3c404928b5e
2026-09-14	eb5385fe3a20427cee76
2026-09-15	25eb54010ba97bda5928
2026-09-15	2a8157d083cd518889d0
2026-09-15	2a92190ed2f61c66e065
2026-09-15	5abd3e64db075705c665
2026-09-15	8e4820be0b259c707f67
2026-09-15	e70cb3507a4a17356bf0
2026-09-16	565a72bdd406b32cdd89
2026-09-16	70bbc7a67145f0cb5089
2026-09-16	8eb5bb01c910f76e613c
2026-09-16	abc0f1a848c54311c5f4
2026-09-16	e72425204f44fa9d0b70
2026-09-16	eb5385fe3a20427cee76
2026-09-17	1f7781b5b2e992f322e9
2026-09-17	419806d17ccdfe46067b
2026-09-17	7bbb1940a3f94b620d27
2026-09-17	8e4820be0b259c707f67
2026-09-17	bbaeff661c5c598491d1
2026-09-17	bc7eded6407ad19987e4
2026-09-18	0ea2f1d92a4fbabb9783
2026-09-18	142e7bb119731bbc4665
2026-09-18	37401e2ec95f23df18a5
2026-09-18	37a32e8a4b494bffa65b
2026-09-18	419806d17ccdfe46067b
2026-09-18	5099eab80e3bca533023
2026-09-18	5248e4da29ecad73f7b8
2026-09-18	5778f1731adf1477f9d4
2026-09-18	6825cf7690a643c00d46
2026-09-18	70bbc7a67145f0cb5089
2026-09-18	8bdc8fdb79bff6650bd6
2026-09-18	8db8de77ff10c3e9b776
2026-09-18	ab5362a906169bedfde1
2026-09-18	e6b5e4e903d817d2f8a9
2026-09-18	fef8479b2dfbc231028c
2026-09-19	0e7799a8047eecc81d33
2026-09-19	25eb54010ba97bda5928
2026-09-19	5b2ffa036866f5a573fa
2026-09-19	6825cf7690a643c00d46
2026-09-19	69ca2a829a291ae5e502
2026-09-19	6caf6cc62a40e813856d
2026-09-19	7f9c0d66b05c37c2d41a
2026-09-19	8e4820be0b259c707f67
2026-09-19	9880226fd41d389f071d
2026-09-19	abc0f1a848c54311c5f4
2026-09-19	b61319b0ecaa4df12d31
2026-09-19	cde57bbcc01a42a0d0b5
2026-09-19	e84024e3ce079c8de8b9
2026-09-19	eb5385fe3a20427cee76
2026-09-19	f07f6c1decc7c38ad9a2
2026-09-19	f3500edaffafc04d0b8e
2026-09-20	142e7bb119731bbc4665
2026-09-20	14eca43e32837e2fb7d9
2026-09-20	17393fb942262dc6547d
2026-09-20	2a8157d083cd518889d0
2026-09-20	3b2c0ef5798eae5acf3b
2026-09-20	4e5ecb8415a104cd1a99
2026-09-20	5846e3b15261e16fc206
2026-09-20	69ca2a829a291ae5e502
2026-09-20	79d586ae18180e642a27
2026-09-20	89c6ce7b972d47a01377
2026-09-20	8e4ee5cc3cd38a9ca0d0
2026-09-20	8eb5bb01c910f76e613c
2026-09-20	ae9a7906265363a2360d
2026-09-20	c7ebd4d32855ba3c8cdc
2026-09-20	d7447fb660348065aa0f
2026-09-20	e6b5e4e903d817d2f8a9
2026-09-20	e840732db788d9b2796d
2026-09-20	e99f23aa6ad76102544b
2026-09-21	1fac138c1c7ca0950e06
2026-09-21	209e0807c76431c81286
2026-09-21	2a92190ed2f61c66e065
2026-09-21	31d68145634867d95574
2026-09-21	4a31b1dcdff796e5c99e
2026-09-21	4e5ecb8415a104cd1a99
2026-09-21	565a72bdd406b32cdd89
2026-09-21	60f049aa2325758ba2d7
2026-09-21	73d55a7f19e1c024f287
2026-09-21	7a074e0afb8e66a16da4
2026-09-21	7e164c4796cca4434e40
2026-09-21	810142b1043a5f028eae
2026-09-21	81f9a965fd2a742443a1
2026-09-21	89c6ce7b972d47a01377
2026-09-21	8e4820be0b259c707f67
2026-09-21	9267bb84783b2aa38550
2026-09-21	949226562bb4e2bf17de
2026-09-21	959f52628c80d9f40fee
2026-09-21	a6ceb6474b4da5979050
2026-09-21	b1ac222e81c47d09194e
2026-09-21	cc4118d7c0d6fd14b49c
2026-09-21	ccb5c0dd249a92f73dfe
2026-09-21	cdabff296cfbe5de21e7
2026-09-21	e6ad63e747f392171c56
2026-09-21	e70cb3507a4a17356bf0
2026-09-21	e72425204f44fa9d0b70
2026-09-21	ebd452d250e1471f7993
2026-09-21	f025102043446c0e630b
2026-09-21	f07f6c1decc7c38ad9a2
2026-09-21	f9952b234105499a8b79
2026-09-22	04d7ecaab949d66c0964
2026-09-22	49aaa49cdafd263b651b
2026-09-22	70e83cd1ed34be303170
2026-09-22	712abbf4f56f562c60ef
2026-09-22	73d55a7f19e1c024f287
2026-09-22	7bbb1940a3f94b620d27
2026-09-22	8863d21e7ba3f02528f4
2026-09-22	949226562bb4e2bf17de
2026-09-22	959f52628c80d9f40fee
2026-09-22	a977a23836a81657764c
2026-09-22	abc0f1a848c54311c5f4
2026-09-22	b61319b0ecaa4df12d31
2026-09-22	bbaeff661c5c598491d1
2026-09-22	d06be69d0f274b41d7eb
2026-09-22	f1ae5c7ffef16663d800
2026-09-22	f9952b234105499a8b79
2026-09-23	70bbc7a67145f0cb5089
2026-09-23	74403d0ce4889bd641af
2026-09-23	7ae1bb7a727433661b79
2026-09-23	8863d21e7ba3f02528f4
2026-09-23	a03d9c6edd9d280fd1d6
2026-09-23	a4fd0b23184f501e6282
2026-09-23	aa3a05e16eca77c1f300
2026-09-23	b25d281a7609c66a5419
2026-09-23	bc7eded6407ad19987e4
2026-09-23	cb0964b0cdb55671d243
2026-09-23	e241021d7583de6332ed
2026-09-23	e80ecfcfa224024544e6
2026-09-23	eb5385fe3a20427cee76
2026-09-24	25eb54010ba97bda5928
2026-09-24	2e6a81f18b0bfeffe81c
2026-09-24	60f049aa2325758ba2d7
2026-09-24	7e71f37480cd5aafdb9f
2026-09-24	8cf57e503dca31eb7206
2026-09-24	8e4820be0b259c707f67
2026-09-24	8eb5bb01c910f76e613c
2026-09-24	91e24d890fc29c07ffc6
2026-09-24	a5ec853b38fbbd7c2665
2026-09-24	a6ceb6474b4da5979050
2026-09-24	e70cb3507a4a17356bf0
2026-09-24	e72c7ddacc6c101ed97a
2026-09-24	e80ecfcfa224024544e6
2026-09-24	f18500d58f4167585fe8
